{"cameraMode":{"drawMode":0,"name":"Shaded","section":"Shading Mode"},"sceneLighting":false,"audioPlay":false,"sceneViewState":{"m_AlwaysRefresh":false,"showFog":false,"showSkybox":false,"showFlares":false,"showImageEffects":false,"showParticleSystems":false,"showVisualEffectGraphs":true,"m_FxEnabled":true},"in2DMode":false,"pivot":{"x":0.15342476963996888,"y":0.2679760456085205,"z":-1.027848482131958},"rotation":{"x":0.0025825705379247667,"y":0.9961910843849182,"z":-0.08117873966693878,"w":0.031690649688243869},"size":1.6511991024017335,"orthographic":false}