{"cameraMode":{"drawMode":0,"name":"Shaded","section":"Shading Mode"},"sceneLighting":true,"audioPlay":false,"sceneViewState":{"m_AlwaysRefresh":false,"showFog":true,"showSkybox":true,"showFlares":true,"showImageEffects":true,"showParticleSystems":true,"showVisualEffectGraphs":true,"m_FxEnabled":true},"in2DMode":false,"pivot":{"x":-1.510054349899292,"y":-5.103240966796875,"z":17.505508422851564},"rotation":{"x":0.23856624960899354,"y":-0.008739505894482136,"z":0.0021483555901795627,"w":0.9710867404937744},"size":34.76700210571289,"orthographic":false}