{"cameraMode":{"drawMode":0,"name":"Shaded","section":"Shading Mode"},"sceneLighting":true,"audioPlay":false,"sceneViewState":{"m_AlwaysRefresh":false,"showFog":true,"showSkybox":true,"showFlares":true,"showImageEffects":true,"showParticleSystems":true,"showVisualEffectGraphs":true,"m_FxEnabled":true},"in2DMode":false,"pivot":{"x":-2.8381080627441408,"y":3.186917304992676,"z":-6.7008056640625},"rotation":{"x":-0.17194834351539613,"y":-0.005322268698364496,"z":0.0009290054440498352,"w":-0.985090970993042},"size":19.657926559448243,"orthographic":false}