{"cameraMode":{"drawMode":0,"name":"Shaded","section":"Shading Mode"},"sceneLighting":true,"audioPlay":false,"sceneViewState":{"m_AlwaysRefresh":false,"showFog":true,"showSkybox":true,"showFlares":true,"showImageEffects":true,"showParticleSystems":true,"showVisualEffectGraphs":true,"m_FxEnabled":true},"in2DMode":false,"pivot":{"x":-1.115566611289978,"y":-2.565011978149414,"z":-12.43571949005127},"rotation":{"x":0.0005992907099425793,"y":-0.9880844950675964,"z":0.15388531982898713,"w":0.0038513895124197008},"size":9.064846992492676,"orthographic":false}